Start,End,Condition,Num,Text
3.638800000190735,5.0000999999046325,1,1,スタートしました
22.880900000095366,24.028,1,1,独創性が大事だからね
84.45459999990463,85.70659999990463,1,1,めちゃくちゃでかい すね
121.96920000028611,122.97990000009537,1,1,中種子
129.32040000009536,130.99830000019074,1,1,また筋トレに使うって話
201.34459999990463,202.919,1,1,水道
247.81230000019073,250.4045,1,1,イコは怖くない それは
288.9245,290.2303000001907,1,1,水 貯められるし
352.356,353.99040000009535,1,1,物理的ではない
