Start,End,Condition,Num,Text
113.31730000019074,113.87880000019074,2,5,今日暑いなあ
142.58140000009536,143.76210000038148,2,5,マック
245.79880000019074,246.68560000038147,2,5,泣けるいいね
422.3625,423.7588000001907,2,5,レイプ
