Start,End,Condition,Num,Text
-0.619,-0.5181999998092651,0,1,スタート
96.51759999990463,97.55090000009537,0,1,あーなるほど
140.84590000009536,142.694,0,1,もうもうねのね
221.96080000019074,223.43830000019074,0,1,水水槽だよね
258.18569999980923,259.26019999980923,0,1,セックス
362.43340000009533,363.3210999999046,0,1,動画
409.00449999999995,413.4160999999046,0,1,ダート ありとかテーブルの足に履かせると
414.8610999999046,415.9735999999046,0,1,つかないとか
417.4250999999046,418.488,0,1,アリオネ
