Start,End,Condition,Num,Text
0.3888000001907348,1.7500999999046325,1,1,スタートしました,ohyama
19.630900000095366,20.778,1,1,独創性が大事だからね,ohyama
81.20459999990463,82.45659999990463,1,1,めちゃくちゃでかい すね,ohyama
118.71920000028611,119.72990000009537,1,1,中種子,ohyama
126.07040000009536,127.74830000019074,1,1,また筋トレに使うって話,ohyama
198.09459999990463,199.669,1,1,水道,ohyama
244.56230000019073,247.1545,1,1,イコは怖くない それは,ohyama
285.6745,286.9803000001907,1,1,水 貯められるし,ohyama
349.106,350.74040000009535,1,1,物理的ではない,ohyama
