Start,End,Condition,Num,Text
-1.419,-1.3181999998092653,0,1,スタート,ohyama
95.71759999990464,96.75090000009537,0,1,あーなるほど,ohyama
140.04590000009534,141.89399999999998,0,1,もうもうねのね,ohyama
221.16080000019073,222.63830000019072,0,1,水水槽だよね,ohyama
257.3856999998093,258.4601999998093,0,1,セックス,ohyama
361.6334000000954,362.52109999990466,0,1,動画,ohyama
408.2045,412.61609999990463,0,1,ダート ありとかテーブルの足に履かせると,ohyama
414.0610999999046,415.17359999990464,0,1,つかないとか,ohyama
416.62509999990465,417.68800000000005,0,1,アリオネ,ohyama
