Start,End,Condition,Num,Id
-0.82,288.4583999999985,0,2,0
288.4583999999985,288.7616000000015,0,2,1
288.7616000000015,380.1916000000015,0,2,0
380.1916000000015,380.67319999999927,0,2,5
380.67319999999927,407.02169999999927,0,2,0
407.02169999999927,407.3226000000015,0,2,5
407.3226000000015,407.52419999999927,0,2,0
407.52419999999927,407.62739999999854,0,2,5
407.62739999999854,408.02980000000076,0,2,0
408.02980000000076,409.2618999999985,0,2,5
