Start,End,Condition,Num,Id
0.0,289.2783999999985,0,2,0
289.2783999999985,289.5816000000015,0,2,1
289.5816000000015,381.01160000000147,0,2,0
381.01160000000147,381.49319999999926,0,2,5
381.49319999999926,407.84169999999926,0,2,0
407.84169999999926,408.1426000000015,0,2,5
408.1426000000015,408.34419999999926,0,2,0
408.34419999999926,408.44739999999854,0,2,5
408.44739999999854,408.84980000000076,0,2,0
408.84980000000076,410.0818999999985,0,2,5
