"Start","End","Condition","Num","Id"
"0","57.73169999992847","1","0","0"
"57.73169999992847","57.91419999992848","1","0","1"
"57.91419999992848","58.01709999990463","1","0","0"
"58.01709999990463","58.120699999928476","1","0","2"
"58.120699999928476","60.03069999992847","1","0","3"
"60.03069999992847","60.15929999995232","1","0","2"
"60.15929999995232","60.27539999997616","1","0","3"
"60.27539999997616","60.474699999928475","1","0","4"
"60.474699999928475","60.569","1","0","5"