"Start","End","Condition","Num","Text"
"11.143","12.5355","2","0","全日本グループ 考えてた"
"15.806100000023841","20.375200000047684","2","0","これは新しくないなもう"
"30.795400000095366","32.84240000009537","2","0","金の代わり"
"46.564","48.94920000004768","2","0","お買い物リスト"
"208.30710000002384","213.07110000002385","2","0","外で飼える 芋煮が作れそうだね あの お祭りの時の"
"381.7371000000238","385.0618000000715","2","0","メモ なぜじゃなくなっちゃったよ"