Start,End,Condition,Num,Id
0.0,3.8350999999046325,1,1,0
3.8350999999046325,4.066,1,1,5
4.066,255.346,1,1,0
255.346,255.6497000000477,1,1,1
255.6497000000477,443.4242999999523,1,1,0
443.4242999999523,443.688,1,1,1
