Start,End,Condition,Num,Id
7.664,11.499099999904633,1,1,0,ishibashi
11.499099999904633,11.73,1,1,5,ishibashi
11.73,263.01,1,1,0,ishibashi
263.01,263.3137000000477,1,1,1,ishibashi
263.3137000000477,451.0882999999523,1,1,0,ishibashi
451.0882999999523,451.352,1,1,1,ishibashi
