Start,End,Condition,Num,Id
2.98,3.869899999976158,2,1,5,konishi
3.869899999976158,9.343399999976159,2,1,0,konishi
9.343399999976159,10.997299999952316,2,1,5,konishi
10.997299999952316,116.85839999997616,2,1,0,konishi
116.85839999997616,117.31210000002385,2,1,5,konishi
