Start,End,Condition,Num,Id
10.017,67.74869999992848,1,0,0,konishi
67.74869999992848,67.93119999992848,1,0,1,konishi
67.93119999992848,68.03409999990463,1,0,0,konishi
68.03409999990463,68.13769999992847,1,0,2,konishi
68.13769999992847,70.04769999992847,1,0,3,konishi
70.04769999992847,70.17629999995232,1,0,2,konishi
70.17629999995232,70.29239999997615,1,0,3,konishi
70.29239999997615,70.49169999992847,1,0,4,konishi
70.49169999992847,70.586,1,0,5,konishi
