Start,End,Condition,Num,Id
0.0,0.8898999999761581,2,1,5
0.8898999999761581,6.363399999976158,2,1,0
6.363399999976158,8.017299999952316,2,1,5
8.017299999952316,113.87839999997615,2,1,0
113.87839999997615,114.33210000002384,2,1,5
