Start,End,Condition,Num,Id
3.17,45.7755,2,0,0
45.7755,47.8035,2,0,2
47.8035,49.73480000007153,2,0,1
49.73480000007153,54.609600000023846,2,0,0
54.609600000023846,62.91390000009537,2,0,4
62.91390000009537,113.559,2,0,0
113.559,117.43860000002384,2,0,3
117.43860000002384,129.23720000004766,2,0,0
129.23720000004766,132.231,2,0,4
132.231,359.39710000002384,2,0,0
359.39710000002384,360.8617000000477,2,0,5
360.8617000000477,391.7416000000239,2,0,0
391.7416000000239,397.5367000000477,2,0,3
