Start,End,Condition,Num,Text
16.781499999999998,18.819700000047682,0,1,おっぱいます 始めていいらしいですね,yokoyama
68.76339999997616,72.93620000004768,0,1,赤くて重い 重くて体積が稼げるからな,yokoyama
210.015,214.70580000007152,0,1,誰 ごめん なんか 通信状況もあるんかな これじゃないかも,yokoyama
271.6107000000477,272.59089999997616,0,1,でかくして,yokoyama
443.1666000000239,444.51410000002386,0,1,おしまい,yokoyama
443.1666000000239,463.3223999999762,0,1,重いな,yokoyama
