Start,End,Condition,Num,Text
14.313,15.7055,2,0,全日本グループ 考えてた
18.97610000002384,23.545200000047686,2,0,これは新しくないなもう
33.965400000095364,36.01240000009537,2,0,金の代わり
49.734,52.119200000047684,2,0,お買い物リスト
211.47710000002382,216.24110000002383,2,0,外で飼える 芋煮が作れそうだね あの お祭りの時の
384.90710000002383,388.23180000007153,2,0,メモ なぜじゃなくなっちゃったよ
