Start,End,Condition,Num,Text
255.85230000007152,258.86339999997614,1,3,なんかそんなアイデア 初期 見たことあるから
