Start,End,Condition,Num,Text
14.413,15.8055,2,0,全日本グループ 考えてた,yokoyama
19.076100000023843,23.645200000047684,2,0,これは新しくないなもう,yokoyama
34.065400000095366,36.11240000009537,2,0,金の代わり,yokoyama
49.834,52.219200000047685,2,0,お買い物リスト,yokoyama
211.57710000002385,216.34110000002386,2,0,外で飼える 芋煮が作れそうだね あの お祭りの時の,yokoyama
385.0071000000238,388.3318000000715,2,0,メモ なぜじゃなくなっちゃったよ,yokoyama
