Start,End,Condition,Num,Text
9.873000000000001,11.265500000000001,2,0,全日本グループ 考えてた,yokoyama
14.536100000023842,19.105200000047684,2,0,これは新しくないなもう,yokoyama
29.525400000095367,31.572400000095367,2,0,金の代わり,yokoyama
45.294,47.67920000004768,2,0,お買い物リスト,yokoyama
207.03710000002383,211.80110000002384,2,0,外で飼える 芋煮が作れそうだね あの お祭りの時の,yokoyama
380.46710000002383,383.79180000007153,2,0,メモ なぜじゃなくなっちゃったよ,yokoyama
