Start,End,Condition,Num,Text
17.6575,19.695700000047683,0,1,おっぱいます 始めていいらしいですね
69.63939999997616,73.81220000004768,0,1,赤くて重い 重くて体積が稼げるからな
210.891,215.58180000007152,0,1,誰 ごめん なんか 通信状況もあるんかな これじゃないかも
272.4867000000477,273.46689999997614,0,1,でかくして
444.04260000002387,445.39010000002384,0,1,おしまい
444.04260000002387,464.1983999999762,0,1,重いな
