Start,End,Condition,Num,Status
0.0,163.6335,1,3,sideparticipant
163.6335,166.2422000000477,1,3,speaker
166.2422000000477,258.8637000000477,1,3,sideparticipant
258.8637000000477,266.573,1,3,speaker
