Start,End,Condition,Num,Id
0.0,42.6055,2,0,0
42.6055,44.6335,2,0,2
44.6335,46.56480000007153,2,0,1
46.56480000007153,51.439600000023844,2,0,0
51.439600000023844,59.743900000095365,2,0,4
59.743900000095365,110.389,2,0,0
110.389,114.26860000002384,2,0,3
114.26860000002384,126.06720000004768,2,0,0
126.06720000004768,129.061,2,0,4
129.061,356.2271000000238,2,0,0
356.2271000000238,357.69170000004766,2,0,5
357.69170000004766,388.57160000002386,2,0,0
388.57160000002386,394.3667000000477,2,0,3
