"Start","End","Condition","Num","Text"
"0","0.10080000019073486","0","1","スタート"
"97.13659999990463","98.16990000009537","0","1","あーなるほど"
"141.46490000009535","143.313","0","1","もうもうねのね"
"222.57980000019074","224.05730000019074","0","1","水水槽だよね"
"258.80469999980926","259.87919999980926","0","1","セックス"
"363.05240000009536","363.94009999990465","0","1","動画"
"409.6235","414.0350999999046","0","1","ダート ありとかテーブルの足に履かせると"
"415.4800999999046","416.5925999999046","0","1","つかないとか"
"418.04409999990463","419.107","0","1","アリオネ"